{
  "_generated": "Generated by SweetTooth, do not edit",
  "description": "Close windows with a button click (the middle one by default) when in overview mode",
  "gettext-domain": "org.gnome.shell.extensions.middleclickclose",
  "locale": "/usr/local/share/locale",
  "name": "Quick Close in Overview",
  "original-authors": [
    "Paolo Tranquilli"
  ],
  "settings-schema": "org.gnome.shell.extensions.middleclickclose",
  "shell-version": [
    "42"
  ],
  "url": "https://github.com/p91paul/middleclickclose",
  "uuid": "middleclickclose@paolo.tranquilli.gmail.com",
  "version": 25
}