{
  "_generated": "Generated by SweetTooth, do not edit",
  "description": "Tiling and window manager for GNOME\n\nCHANGES\n\n - Dynamic Workspaces\n\n - Drag drop enhancements\n\n Please report bugs/issues on https://github.com/jmmaranan/forge/issues",
  "gettext-domain": "forge",
  "name": "Forge",
  "settings-schema": "org.gnome.shell.extensions.forge",
  "shell-version": [
    "40",
    "41",
    "42"
  ],
  "url": "https://github.com/jmmaranan/forge",
  "uuid": "forge@jmmaranan.com",
  "version": 55
}